Team,Opponent,Predicted Team Score LR,Predicted Opponent Score LR,Predicted Team Score GAM,Predicted Opponent Score GAM,Predicted Team Score LightGBM,Predicted Opponent Score LightGBM,Predicted Team Score CatBoost,Predicted Opponent Score CatBoost,Average Predicted Team Score,Average Predicted Opponent Score
Syracuse,Duke,75.23710696764167,72.9232892347631,74.78702268818074,73.70835759946183,73.4099767868269,73.6868347259853,74.13925756321122,73.85165577853834,74.39334100146513,73.54253433468715
California,North Carolina St.,75.9936736012823,71.42833906997127,76.03768989865706,71.54615340987263,75.17452891911448,71.43753776392627,76.86184983155724,73.1915168131018,76.01693556265278,71.900886764218
Clemson,Duke,81.37813655806346,66.06935563292592,82.7539156544102,68.19642022890415,80.43330619807217,64.88291510575479,83.08634192828248,64.07167665978916,81.91292508470708,65.8050919068435
Stanford,North Carolina St.,77.5998689973946,68.59425629891058,77.56517331470326,68.66292126872764,74.23215393421037,66.91095224657005,78.27084114677997,69.43849814398011,76.91700934827205,68.40165698954709
North Carolina,Pittsburgh,77.72864181793895,69.95148681890706,80.65097221953778,70.53005430833088,77.73999811469655,67.03534500301669,79.76153757575771,68.08247511264526,78.97028743198274,68.89984031072497
Clemson,North Carolina,80.15123858508528,65.95113506082737,79.06955883001878,65.96692253991138,78.03460644536919,62.634520473221066,81.4346031489394,64.79052467921802,79.67250175235317,64.83577568829446
Duke,California,82.64058001687371,61.303100026945124,81.96571810776909,59.76331753721288,81.33460163578623,57.19351916892457,83.95755947399618,58.587118712462605,82.4746148086063,59.21176386138629
North Carolina St.,Louisville,75.952819910077,71.07386485235874,73.39790272911227,66.70995767413606,77.22249568237044,70.75696567500489,77.15642454929454,69.92422676346894,75.93241071771357,69.61625374124216
