Team,Opponent,Predicted Team Score LR,Predicted Opponent Score LR,Predicted Team Score GAM,Predicted Opponent Score GAM,Predicted Team Score LightGBM,Predicted Opponent Score LightGBM,Predicted Team Score CatBoost,Predicted Opponent Score CatBoost,Average Predicted Team Score,Average Predicted Opponent Score
Syracuse,Duke,71.31856060447149,82.2541206661274,72.59131085526667,79.61915796459151,71.72035645391688,81.5516363475551,69.35085352398055,82.07074828476486,71.24527035940889,81.37391581575972
California,North Carolina St.,73.7859457337263,72.7796739672535,76.7368098262163,74.94686768456657,73.69484688077173,73.91637268147727,74.51947646283193,74.87598720787078,74.68426972588657,74.12972538529203
Clemson,Duke,76.86934666846756,81.0351265944625,78.30185921218987,75.0487671897987,73.61334594750448,79.26159775786859,73.82661352960359,78.4217625309769,75.65279133944138,78.44181351827666
Stanford,North Carolina St.,75.25115893728011,72.3268202894599,77.37314026902928,72.55133223943216,76.56543251003099,74.6060186945621,74.91217996991148,73.52449895664529,76.02547792156295,73.25216754502486
North Carolina,Pittsburgh,76.42026523578633,77.61197156916609,78.38696182440168,77.6864975833044,75.66262437634016,78.98641190595677,75.70020015524776,78.3804528498516,76.542512897944,78.16633347706971
Clemson,North Carolina,77.91073957225558,75.24425302479854,79.9908404365229,74.0719388935234,74.74947102574215,75.30527231756813,76.64084843234538,75.58296608054661,77.32297486671649,75.05110757910916
Duke,California,81.50745687973337,72.55077746061477,82.85186406997029,66.80364772204648,82.45327235896474,75.97175556562483,81.8296753148133,70.76875081160736,82.16056715587042,71.52373288997336
North Carolina St.,Louisville,72.53617671495162,76.82822332639971,74.75657526424997,76.02694617351595,70.86110017044875,75.7619983327211,71.79628408202318,77.47699988225784,72.48753405791838,76.52354192872366
