,Team,Opponent,NN_Team_Score,NN_Opp_Score,CV_Team_Score,CV_Opp_Score,HPT_Team_Score,HPT_Opp_Score,Actual_Team,Actual_Opp
0,Oklahoma,Central Arkansas,69.46206042278016,54.80244870562621,73.90991326707059,57.16939663468524,79.1550564403783,61.62004101888908,89,66
1,Illinois St.,Cornell,80.67321209094126,74.56225660780136,87.29164927991795,79.62734568867464,88.73499082925495,79.16553328397279,80,77
2,Illinois,Missouri,80.30482618556421,77.8767580486331,79.90603730895381,79.04473091590336,78.27712145536847,77.95149948546404,80,77
3,Colgate,Iona,81.06479590440371,75.45493502324068,69.0682284679491,71.75414354287706,72.2388084180721,78.25369383554995,73,79
4,Alabama,Kent St.,76.31297704889272,50.67014003305994,76.73220805727152,53.445091422331615,74.31472821468878,46.799916626300245,81,54
5,Iowa St.,Morgan St.,91.79466291727519,70.8083582856495,90.89907593834243,69.50962434416702,94.51785907595279,71.59793431905157,90,46
6,New Hampshire,Stonehill,82.45338729096936,86.63595155434457,83.06338643313376,91.47197269404057,81.57100940107982,85.7139393947548,83,90
7,Michigan,Purdue Fort Wayne,80.6001298044083,40.67001718068656,74.2150618064411,47.715774634070726,81.59811281062996,56.038816298840956,89,58
